id,side,source_x_u,source_y_u,x_mm,y_mm,rotation_deg
L_R0_C0,L,0,0.25,-82.1122,-57.2224,30.0
L_R0_C1,L,1,0.25,-67.3897,-48.7224,30.0
L_R0_C2,L,2,0.125,-51.6048,-42.0627,30.0
L_R0_C3,L,3,0,-35.8199,-35.4030,30.0
L_R0_C4,L,4,0.125,-22.1599,-25.0627,30.0
L_R0_C5,L,5,0.25,-8.5000,-14.7224,30.0
L_R1_C0,L,0,1.25,-90.6122,-42.5000,30.0
L_R1_C1,L,1,1.25,-75.8897,-34.0000,30.0
L_R1_C2,L,2,1.125,-60.1048,-27.3403,30.0
L_R1_C3,L,3,1,-44.3199,-20.6806,30.0
L_R1_C4,L,4,1.125,-30.6599,-10.3403,30.0
L_R1_C5,L,5,1.25,-17.0000,0.0000,30.0
L_R2_C0,L,0,2.25,-99.1122,-27.7776,30.0
L_R2_C1,L,1,2.25,-84.3897,-19.2776,30.0
L_R2_C2,L,2,2.125,-68.6048,-12.6179,30.0
L_R2_C3,L,3,2,-52.8199,-5.9582,30.0
L_R2_C4,L,4,2.125,-39.1599,4.3821,30.0
L_R2_C5,L,5,2.25,-25.5000,14.7224,30.0
L_T0,L,3.5,3.25,-56.0836,16.6949,30.0
L_T1,L,4.5,3.5,-43.4862,28.8755,30.0
L_T2,L,5.5,3.75,-30.8888,41.0561,30.0
R_R0_C0,R,8,0.25,8.5000,-14.7224,-30.0
R_R0_C1,R,9,0.125,22.1599,-25.0627,-30.0
R_R0_C2,R,10,0,35.8199,-35.4030,-30.0
R_R0_C3,R,11,0.125,51.6048,-42.0627,-30.0
R_R0_C4,R,12,0.25,67.3897,-48.7224,-30.0
R_R0_C5,R,13,0.25,82.1122,-57.2224,-30.0
R_R1_C0,R,8,1.25,17.0000,0.0000,-30.0
R_R1_C1,R,9,1.125,30.6599,-10.3403,-30.0
R_R1_C2,R,10,1,44.3199,-20.6806,-30.0
R_R1_C3,R,11,1.125,60.1048,-27.3403,-30.0
R_R1_C4,R,12,1.25,75.8897,-34.0000,-30.0
R_R1_C5,R,13,1.25,90.6122,-42.5000,-30.0
R_R2_C0,R,8,2.25,25.5000,14.7224,-30.0
R_R2_C1,R,9,2.125,39.1599,4.3821,-30.0
R_R2_C2,R,10,2,52.8199,-5.9582,-30.0
R_R2_C3,R,11,2.125,68.6048,-12.6179,-30.0
R_R2_C4,R,12,2.25,84.3897,-19.2776,-30.0
R_R2_C5,R,13,2.25,99.1122,-27.7776,-30.0
R_T0,R,7.5,3.75,30.8888,41.0561,-30.0
R_T1,R,8.5,3.5,43.4862,28.8755,-30.0
R_T2,R,9.5,3.25,56.0836,16.6949,-30.0
