Ref,Val,Package,PosX,PosY,Rot,Side
"C1","1×10⁻⁹ F","SMT_10",145.500000,-100.000000,90.000000,top
"C2","1.5×10⁻¹¹ F","SMT_11",110.500000,-102.000000,90.000000,top
"C3","1.5×10⁻¹¹ F","SMT_12",118.500000,-102.000000,90.000000,top
"C4","1×10⁻⁷ F","SMT_13",119.500000,-113.000000,0.000000,top
"C5","1×10⁻⁷ F","SMT_14",122.500000,-113.000000,0.000000,top
"C6","1×10⁻⁷ F","SMT_15",125.500000,-113.000000,0.000000,top
"C7","1×10⁻⁷ F","SMT_16",128.500000,-113.000000,0.000000,top
"C8","1×10⁻⁷ F","SMT_17",131.500000,-113.000000,0.000000,top
"C9","1×10⁻⁷ F","SMT_18",119.500000,-104.000000,0.000000,top
"C10","1×10⁻⁷ F","SMT_19",122.500000,-103.000000,0.000000,top
"C11","1×10⁻⁷ F","SMT_20",125.500000,-103.000000,0.000000,top
"C12","1×10⁻⁷ F","SMT_21",128.500000,-103.000000,0.000000,top
"C13","1×10⁻⁶ F","SMT_22",131.500000,-104.000000,0.000000,top
"C14","1×10⁻⁶ F","SMT_23",132.500000,-108.000000,90.000000,top
"C15","1×10⁻⁵ F","SMT_24",119.500000,-108.000000,90.000000,top
"C16","1×10⁻⁶ F","SMT_25",140.500000,-130.000000,0.000000,top
"C17","1×10⁻⁶ F","SMT_26",148.500000,-130.000000,0.000000,top
"C18","1×10⁻⁶ F","SMT_27",151.500000,-130.000000,0.000000,top
"C19","1×10⁻⁶ F","SMT_28",157.500000,-130.000000,0.000000,top
"C20","1×10⁻⁷ F","SMT_29",141.500000,-102.000000,90.000000,top
"C21","1×10⁻⁷ F","SMT_30",160.500000,-113.000000,0.000000,top
"C22","1×10⁻⁷ F","SMT_31",163.500000,-120.000000,90.000000,top
"C23","1×10⁻⁷ F","SMT_32",163.500000,-112.000000,90.000000,top
"C24","1×10⁻⁷ F","SMT_33",163.500000,-104.000000,90.000000,top
"C25","1×10⁻⁷ F","SMT_34",163.500000,-96.000000,90.000000,top
"D1","green LED","SMT_35",144.500000,-120.000000,0.000000,top
"D2","amber LED","SMT_36",115.500000,-92.000000,0.000000,top
"J1","TYPE-C-31-M-12","TYPEC31M12LANDPATTERN",114.500000,-132.500000,0.000000,top
"R1","5100 Ω","SMT",107.500000,-128.000000,90.000000,top
"R2","5100 Ω","SMT_1",121.500000,-128.000000,90.000000,top
"R3","27 Ω","SMT_2",117.500000,-120.000000,90.000000,top
"R4","27 Ω","SMT_3",114.500000,-120.000000,90.000000,top
"R5","1000 Ω","SMT_4",136.500000,-97.000000,0.000000,top
"R6","6800 Ω","SMT_5",145.500000,-108.000000,90.000000,top
"R7","10000 Ω","SMT_6",145.500000,-104.000000,90.000000,top
"R8","1000 Ω","SMT_7",114.500000,-98.000000,0.000000,top
"R9","1500 Ω","SMT_8",148.500000,-120.000000,0.000000,top
"R10","1500 Ω","SMT_9",111.500000,-92.000000,0.000000,top
"SW1","normally-open pushbutton","SMT_37",136.500000,-92.000000,0.000000,top
"SW2","normally-open pushbutton","SMT_38",125.500000,-92.000000,0.000000,top
"TP1","~","TESTPOINTLANDPATTERN",139.500000,-134.000000,0.000000,top
"TP2","~","TESTPOINTLANDPATTERN",146.500000,-134.000000,0.000000,top
"TP3","~","TESTPOINTLANDPATTERN",155.500000,-134.000000,0.000000,top
"TP4","~","TESTPOINTLANDPATTERN",174.500000,-120.000000,0.000000,top
"TP5","~","TESTPOINTLANDPATTERN",174.500000,-112.000000,0.000000,top
"TP6","~","TESTPOINTLANDPATTERN",174.500000,-104.000000,0.000000,top
"TP7","~","TESTPOINTLANDPATTERN",174.500000,-96.000000,0.000000,top
"TP8","~","TESTPOINTLANDPATTERN",149.500000,-100.000000,0.000000,top
"TP9","~","TESTPOINTLANDPATTERN",145.500000,-96.000000,0.000000,top
"TP10","~","TESTPOINTLANDPATTERN",163.500000,-134.000000,0.000000,top
"TP11","~","TESTPOINTLANDPATTERN",123.500000,-84.000000,0.000000,top
"TP12","~","TESTPOINTLANDPATTERN",127.500000,-84.000000,0.000000,top
"TP13","~","TESTPOINTLANDPATTERN",131.500000,-84.000000,0.000000,top
"TP14","~","TESTPOINTLANDPATTERN",149.500000,-88.000000,0.000000,top
"TP15","~","TESTPOINTLANDPATTERN",153.500000,-88.000000,0.000000,top
"TP16","~","TESTPOINTLANDPATTERN",157.500000,-88.000000,0.000000,top
"TP17","~","TESTPOINTLANDPATTERN",161.500000,-88.000000,0.000000,top
"U1","USBLC6-2SC6","SOT23_6",114.500000,-126.000000,0.000000,top
"U2","RP2040","RP2040LANDPATTERN",125.500000,-108.000000,0.000000,top
"U3","W25Q16JVUXIQ","SON",136.500000,-102.000000,90.000000,top
"U4","AP2112K-3.3TRG1","SOT23_5",144.500000,-126.000000,0.000000,top
"U5","TPS22919DCKR","SOT23_6_1",154.500000,-126.000000,0.000000,top
"U6","TMUX1208PWR","SOIC",155.500000,-108.000000,0.000000,top
"U7","DRV5055A3QDBZR","SOT23_3",167.500000,-120.000000,0.000000,top
"U8","DRV5055A3QDBZR","SOT23_3_1",167.500000,-112.000000,0.000000,top
"U9","DRV5055A3QDBZR","SOT23_3_2",167.500000,-104.000000,0.000000,top
"U10","DRV5055A3QDBZR","SOT23_3_3",167.500000,-96.000000,0.000000,top
"Y1","ABM8-272-T3","ABM8LANDPATTERN",114.500000,-102.000000,0.000000,top
